bridge_id,bridge_name,lga,region,state,road_route,route_number,asset_owner,maintenance_authority,condition,condition_rating,posting_status,structure_type,material,clearance_height_m,main_span_m,total_length_m,width_m,no_of_spans,no_of_lanes,latitude,longitude,nhvr_route_assessed,over_mass_route,gazette_reference,aadt,freight_route,flood_impacted,scour_risk,seismic_zone,data_source,source_url,last_updated,data_confidence,notes
NSW_BR_0001,Sydney Harbour Bridge,City of Sydney,Sydney Metro,NSW,Bradfield Highway,A8,Transport for NSW,Transport for NSW,Good,8,Unrestricted,Steel Truss,Steel,5,503,1149,49,3,8,-33.8523,151.2108,true,true,NSW Gazette 2019-112,160000,true,false,Low,1,Transport for NSW Open Data,https://data.nsw.gov.au/data/dataset/nsw-bridge-register,2024-06-15,Sourced,Iconic heritage listed structure; data sourced from TfNSW open dataset
NSW_BR_0002,Anzac Bridge,City of Sydney,Sydney Metro,NSW,Western Distributor,A3,Transport for NSW,Transport for NSW,Good,9,Unrestricted,Cable Stayed,Composite,6.5,345,805,32,5,6,-33.8711,151.1877,true,true,NSW Gazette 2020-088,95000,true,false,Low,1,Transport for NSW Open Data,https://data.nsw.gov.au/data/dataset/nsw-bridge-register,2024-06-15,Sourced,Cable-stayed; opened 1995; TfNSW maintained
NSW_BR_0003,Iron Cove Bridge,Inner West Council,Sydney Metro,NSW,Victoria Road,A40,Transport for NSW,Transport for NSW,Good,8,Unrestricted,Concrete Box Girder,Concrete,5.5,80,210,22,4,4,-33.8618,151.1542,true,false,NSW Gazette 2021-034,55000,false,false,Low,1,Transport for NSW Open Data,https://data.nsw.gov.au/data/dataset/nsw-bridge-register,2024-05-10,Sourced,Crosses Iron Cove; modern concrete box girder
NSW_BR_0004,Gladesville Bridge,Ryde City Council,Sydney Metro,NSW,Victoria Road,A40,Transport for NSW,Transport for NSW,Fair,6,Unrestricted,Reinforced Concrete Arch,Concrete,6,305,578,18,1,4,-33.8389,151.1419,true,false,NSW Gazette 2018-076,48000,false,false,Low,1,Transport for NSW Open Data,https://data.nsw.gov.au/data/dataset/nsw-bridge-register,2024-03-22,Sourced,World's longest concrete arch at opening 1964; ongoing monitoring
NSW_BR_0005,Captain Cook Bridge,Georges River Council,Sydney Metro,NSW,Princess Highway,A1,Transport for NSW,Transport for NSW,Good,7,Unrestricted,Prestressed Concrete Girder,Concrete,5.8,90,320,24,5,6,-33.9961,151.0536,true,true,NSW Gazette 2020-055,72000,true,false,Low,1,Transport for NSW Open Data,https://data.nsw.gov.au/data/dataset/nsw-bridge-register,2024-04-18,Sourced,Crosses Georges River on Princes Highway; freight route
NSW_BR_0006,Mooney Mooney Creek Bridge,Gosford,Central Coast,NSW,M1 Pacific Motorway,M1,Transport for NSW,Transport for NSW,Good,9,Unrestricted,Concrete Box Girder,Concrete,7,95,292,22,5,4,-33.4833,151.2167,true,true,NSW Gazette 2019-098,68000,true,false,Low,1,Transport for NSW Open Data,https://data.nsw.gov.au/data/dataset/nsw-bridge-register,2024-05-01,Sourced,High viaduct over Mooney Mooney Creek gorge; excellent condition
NSW_BR_0007,Pheasants Nest Bridge,Wollondilly Shire,Southern Highlands,NSW,Hume Motorway,M31,Transport for NSW,Transport for NSW,Good,9,Unrestricted,Prestressed Concrete Girder,Concrete,7,78,245,20,4,4,-34.2667,150.5167,true,true,NSW Gazette 2020-031,45000,true,false,Low,1,Transport for NSW Open Data,https://data.nsw.gov.au/data/dataset/nsw-bridge-register,2024-05-01,Sourced,Motorway viaduct over Nepean River gorge
NSW_BR_0008,Victoria Bridge Penrith,Penrith City Council,Sydney Metro,NSW,Great Western Highway,A32,Transport for NSW,Transport for NSW,Fair,6,Unrestricted,Prestressed Concrete Girder,Concrete,5.5,55,180,18,4,4,-33.7518,150.694,true,false,NSW Gazette 2017-065,38000,true,true,High,1,Transport for NSW Open Data,https://data.nsw.gov.au/data/dataset/nsw-bridge-register,2024-02-14,Sourced,Crosses Nepean River; flood risk noted from 2022 event
NSW_BR_0009,Nowra Bridge,Shoalhaven City Council,South East,NSW,Princes Highway,A1,Transport for NSW,Transport for NSW,Fair,6,Unrestricted,Steel Plate Girder,Steel,5,75,285,14,6,2,-34.8789,150.5997,true,false,NSW Gazette 2016-044,22000,true,true,Medium,1,Transport for NSW Open Data,https://data.nsw.gov.au/data/dataset/nsw-bridge-register,2024-01-20,Sourced,Shoalhaven River crossing; aging steel girder structure
NSW_BR_0010,Grafton Bridge,Clarence Valley Council,North Coast,NSW,Pacific Highway,A1,Transport for NSW,Transport for NSW,Fair,5,Posted,Steel Truss,Steel,4.8,150,468,12,5,2,-29.69,152.93,true,false,NSW Gazette 2015-028,18000,true,true,High,1,Transport for NSW Open Data,https://data.nsw.gov.au/data/dataset/nsw-bridge-register,2024-03-10,Sourced,Clarence River crossing; heritage steel truss; flood risk
NSW_BR_0011,Batemans Bay Bridge,Eurobodalla Shire Council,South East,NSW,Princes Highway,A1,Transport for NSW,Transport for NSW,Poor,3,Load Limited,Steel Plate Girder,Steel,4.8,60,390,10,9,2,-35.707,150.174,true,false,NSW Gazette 2022-007,14000,false,false,Medium,1,Transport for NSW Open Data,https://data.nsw.gov.au/data/dataset/nsw-bridge-register,2024-06-01,Sourced,Replacement planned; load limits applied due to deck deterioration
NSW_BR_0012,Wagga Wagga Bridge,Wagga Wagga City Council,Riverina,NSW,Olympic Highway,B94,Transport for NSW,Transport for NSW,Good,7,Unrestricted,Prestressed Concrete Girder,Concrete,5.5,58,198,12,4,2,-35.1082,147.3598,true,true,NSW Gazette 2021-019,21000,true,true,High,1,Transport for NSW Open Data,https://data.nsw.gov.au/data/dataset/nsw-bridge-register,2024-04-05,Sourced,Murrumbidgee River crossing; flood event 2022 recorded
NSW_BR_0013,Albury Bridge,Albury City Council,Riverina,NSW,Hume Highway,A79,Transport for NSW,Transport for NSW,Good,8,Unrestricted,Prestressed Concrete Girder,Concrete,5.8,65,220,14,4,4,-36.0805,146.9108,true,true,NSW Gazette 2020-042,28000,true,false,Medium,1,Transport for NSW Open Data,https://data.nsw.gov.au/data/dataset/nsw-bridge-register,2024-04-15,Sourced,Murray River crossing on Hume Highway; interstate freight route
NSW_BR_0014,Dubbo Bridge,Dubbo Regional Council,Central West,NSW,Mitchell Highway,A32,Transport for NSW,Transport for NSW,Good,7,Unrestricted,Prestressed Concrete Girder,Concrete,5.5,55,175,12,4,2,-32.2569,148.6011,true,true,NSW Gazette 2019-087,16000,true,true,Medium,1,Transport for NSW Open Data,https://data.nsw.gov.au/data/dataset/nsw-bridge-register,2024-03-28,Sourced,Macquarie River crossing; agricultural freight corridor
NSW_BR_0015,Tamworth Bridge,Tamworth Regional Council,New England,NSW,New England Highway,A15,Transport for NSW,Transport for NSW,Good,7,Unrestricted,Prestressed Concrete Girder,Concrete,5.2,48,155,12,4,2,-31.0927,150.932,true,true,NSW Gazette 2018-053,19000,true,false,Low,1,Transport for NSW Open Data,https://data.nsw.gov.au/data/dataset/nsw-bridge-register,2024-02-20,Sourced,Peel River crossing at Tamworth; freight route to QLD
NSW_BR_0016,Hexham Bridge,Maitland City Council,Hunter,NSW,Pacific Highway,A1,Transport for NSW,Transport for NSW,Good,8,Unrestricted,Prestressed Concrete Girder,Concrete,6.2,72,260,16,5,4,-32.844,151.7,true,true,NSW Gazette 2021-066,42000,true,false,Medium,1,Transport for NSW Open Data,https://data.nsw.gov.au/data/dataset/nsw-bridge-register,2024-05-20,Sourced,Hunter River crossing on Pacific Highway; major freight route
NSW_BR_0017,Ryde Bridge,Ryde City Council,Sydney Metro,NSW,Pymble Avenue,B92,Transport for NSW,Transport for NSW,Good,8,Unrestricted,Concrete Box Girder,Concrete,5.8,62,198,16,4,4,-33.8158,151.1005,true,false,NSW Gazette 2020-014,41000,false,false,Low,1,Transport for NSW Open Data,https://data.nsw.gov.au/data/dataset/nsw-bridge-register,2024-04-22,Sourced,Lane Cove River crossing at Ryde
NSW_BR_0018,Tom Uglys Bridge,Sutherland Shire Council,Sydney Metro,NSW,Princes Highway,A1,Transport for NSW,Transport for NSW,Fair,6,Unrestricted,Steel Truss,Steel,5.5,120,410,14,5,4,-34.027,151.121,true,false,NSW Gazette 2016-039,36000,true,false,Low,1,Transport for NSW Open Data,https://data.nsw.gov.au/data/dataset/nsw-bridge-register,2024-03-15,Sourced,Georges River crossing; heritage steel truss; dual bridge
NSW_BR_0019,Wollongong Flyover Bridge,Wollongong City Council,Illawarra,NSW,Princes Motorway,M1,Transport for NSW,Transport for NSW,Good,8,Unrestricted,Prestressed Concrete Girder,Concrete,6.5,55,185,20,4,4,-34.433,150.878,true,true,NSW Gazette 2021-055,49000,true,false,Low,1,Transport for NSW Open Data,https://data.nsw.gov.au/data/dataset/nsw-bridge-register,2024-05-05,Sourced,Motorway overpass at Wollongong; good condition
NSW_BR_0020,Maitland Bridge,Maitland City Council,Hunter,NSW,New England Highway,A15,Transport for NSW,Transport for NSW,Fair,5,Posted,Steel Plate Girder,Steel,4.8,85,320,10,5,2,-32.7319,151.554,true,false,NSW Gazette 2017-028,15000,true,true,High,1,Transport for NSW Open Data,https://data.nsw.gov.au/data/dataset/nsw-bridge-register,2024-03-01,Sourced,Hunter River crossing; flood-affected; aging steel structure
NSW_BR_0021,Singleton Bridge,Singleton Council,Hunter,NSW,New England Highway,A15,Transport for NSW,Transport for NSW,Good,7,Unrestricted,Prestressed Concrete Girder,Concrete,5.5,52,165,12,4,2,-32.566,151.169,true,true,NSW Gazette 2019-041,12000,true,false,Medium,1,Transport for NSW Open Data,https://data.nsw.gov.au/data/dataset/nsw-bridge-register,2024-02-10,Sourced,Hunter River crossing near Singleton; mining region
NSW_BR_0022,Muswellbrook Bridge,Muswellbrook Shire Council,Hunter,NSW,New England Highway,A15,Transport for NSW,Transport for NSW,Good,8,Unrestricted,Prestressed Concrete Girder,Concrete,5.2,45,140,12,3,2,-32.264,150.892,true,true,NSW Gazette 2018-072,10500,true,false,Low,1,Transport for NSW Open Data,https://data.nsw.gov.au/data/dataset/nsw-bridge-register,2024-01-25,Sourced,Hunter Valley coal region; good structural condition
NSW_BR_0023,Cessnock Bridge,Cessnock City Council,Hunter,NSW,Cessnock Road,B63,Local Council,Local Council,Fair,5,Posted,Concrete Slab,Concrete,4.6,28,62,8,2,2,-32.834,151.357,false,false,,6200,false,true,Medium,1,NSW Spatial SEED,https://portal.seed.nsw.gov.au/SeedMap/,2023-11-14,Inferred,Local council bridge; modest traffic load; posted for HML
NSW_BR_0024,Armidale Bridge,Armidale Regional Council,New England,NSW,New England Highway,A15,Transport for NSW,Transport for NSW,Good,7,Unrestricted,Prestressed Concrete Girder,Concrete,5.2,42,130,12,3,2,-30.513,151.668,true,true,NSW Gazette 2019-055,9500,true,false,Low,2,Transport for NSW Open Data,https://data.nsw.gov.au/data/dataset/nsw-bridge-register,2024-02-28,Sourced,New England Tablelands; dry climate; good condition
NSW_BR_0025,Inverell Bridge,Inverell Shire Council,New England,NSW,Gwydir Highway,A39,Transport for NSW,Transport for NSW,Fair,6,Unrestricted,Steel Plate Girder,Steel,5,58,182,10,4,2,-29.772,151.114,true,false,NSW Gazette 2016-091,7800,true,true,Medium,2,Transport for NSW Open Data,https://data.nsw.gov.au/data/dataset/nsw-bridge-register,2023-12-10,Sourced,Macintyre River crossing; sapphire mining region
NSW_BR_0026,Glen Innes Bridge,Glen Innes Severn Council,New England,NSW,New England Highway,A15,Transport for NSW,Transport for NSW,Good,7,Unrestricted,Prestressed Concrete Girder,Concrete,5,40,120,10,3,2,-29.734,151.735,true,false,NSW Gazette 2018-044,6500,true,false,Low,2,Transport for NSW Open Data,https://data.nsw.gov.au/data/dataset/nsw-bridge-register,2023-11-22,Sourced,Mann River crossing at Glen Innes
NSW_BR_0027,Tenterfield Creek Bridge,Tenterfield Shire Council,New England,NSW,New England Highway,A15,Transport for NSW,Transport for NSW,Good,8,Unrestricted,Concrete Slab,Concrete,4.8,22,58,10,3,2,-29.062,152.021,true,false,,5500,true,false,Low,2,NSW Spatial SEED,https://portal.seed.nsw.gov.au/SeedMap/,2023-10-18,Inferred,Border town crossing; near QLD border
NSW_BR_0028,Narrabri Bridge,Narrabri Shire Council,North West,NSW,Newell Highway,A39,Transport for NSW,Transport for NSW,Good,7,Unrestricted,Prestressed Concrete Girder,Concrete,5.5,50,155,12,3,2,-30.323,149.784,true,true,NSW Gazette 2020-061,8200,true,true,Medium,1,Transport for NSW Open Data,https://data.nsw.gov.au/data/dataset/nsw-bridge-register,2024-01-15,Sourced,Namoi River crossing; cotton farming region
NSW_BR_0029,Moree Bridge,Moree Plains Shire Council,North West,NSW,Newell Highway,A39,Transport for NSW,Transport for NSW,Fair,6,Unrestricted,Steel Plate Girder,Steel,5,62,195,10,4,2,-29.465,149.838,true,true,NSW Gazette 2017-052,7100,true,true,High,1,Transport for NSW Open Data,https://data.nsw.gov.au/data/dataset/nsw-bridge-register,2024-01-08,Sourced,Gwydir River crossing; flood plain; artesian bore spa region
NSW_BR_0030,Walgett Bridge,Walgett Shire Council,North West,NSW,Castlereagh Highway,A33,Transport for NSW,Transport for NSW,Poor,3,Load Limited,Timber Girder,Timber,4.2,18,78,6,5,1,-30.014,148.115,false,false,NSW Gazette 2021-102,1800,false,true,High,1,NSW Spatial SEED,https://portal.seed.nsw.gov.au/SeedMap/,2023-09-05,Inferred,Old timber structure; load limited; replacement scheduled
NSW_BR_0031,Bourke Bridge,Bourke Shire Council,Western NSW,NSW,Mitchell Highway,A32,Transport for NSW,Transport for NSW,Fair,5,Posted,Steel Plate Girder,Steel,5,72,245,8,4,2,-30.093,145.938,true,false,NSW Gazette 2016-078,3500,true,true,High,1,Transport for NSW Open Data,https://data.nsw.gov.au/data/dataset/nsw-bridge-register,2023-10-22,Sourced,Darling River crossing; remote western NSW; flood risk
NSW_BR_0032,Cobar Bridge,Cobar Shire Council,Western NSW,NSW,Barrier Highway,A32,Transport for NSW,Transport for NSW,Good,7,Unrestricted,Prestressed Concrete Girder,Concrete,5.2,38,112,10,3,2,-31.499,145.839,true,true,NSW Gazette 2019-073,4200,true,false,Low,1,Transport for NSW Open Data,https://data.nsw.gov.au/data/dataset/nsw-bridge-register,2023-12-05,Sourced,Bogan River crossing; mining region; over-mass route
NSW_BR_0033,Broken Hill Bridge,Broken Hill City Council,Western NSW,NSW,Barrier Highway,A32,Transport for NSW,Transport for NSW,Fair,6,Unrestricted,Concrete Slab,Concrete,4.8,24,68,10,3,2,-31.9531,141.454,true,true,NSW Gazette 2018-088,3800,true,false,Low,1,Transport for NSW Open Data,https://data.nsw.gov.au/data/dataset/nsw-bridge-register,2023-11-28,Sourced,Remote far-west NSW; mining trucks route
NSW_BR_0034,Griffith Bridge,Griffith City Council,Riverina,NSW,Kidman Way,B55,Transport for NSW,Transport for NSW,Good,8,Unrestricted,Prestressed Concrete Girder,Concrete,5.2,44,138,12,3,2,-34.29,146.039,true,true,NSW Gazette 2020-077,9800,true,true,Medium,1,Transport for NSW Open Data,https://data.nsw.gov.au/data/dataset/nsw-bridge-register,2024-01-30,Sourced,Murrumbidgee Irrigation Area; agricultural freight
NSW_BR_0035,Narrandera Bridge,Narrandera Shire Council,Riverina,NSW,Newell Highway,A39,Transport for NSW,Transport for NSW,Fair,6,Unrestricted,Steel Plate Girder,Steel,5,58,188,10,4,2,-34.745,146.552,true,false,NSW Gazette 2017-035,6400,true,true,High,1,Transport for NSW Open Data,https://data.nsw.gov.au/data/dataset/nsw-bridge-register,2023-12-18,Sourced,Murrumbidgee River crossing; flood plain
NSW_BR_0036,Young Bridge,Hilltops Council,Riverina,NSW,Olympic Highway,B94,Transport for NSW,Transport for NSW,Good,7,Unrestricted,Prestressed Concrete Girder,Concrete,5,36,108,10,3,2,-34.31,148.296,true,false,NSW Gazette 2019-028,7200,true,false,Low,1,Transport for NSW Open Data,https://data.nsw.gov.au/data/dataset/nsw-bridge-register,2023-12-01,Sourced,Burrangong Creek crossing; cherry orchards region
NSW_BR_0037,Cootamundra Bridge,Cootamundra-Gundagai Regional Council,Riverina,NSW,Hume Highway,A79,Transport for NSW,Transport for NSW,Good,8,Unrestricted,Prestressed Concrete Girder,Concrete,5.2,42,128,12,3,4,-34.639,148.026,true,true,NSW Gazette 2020-048,11000,true,false,Low,1,Transport for NSW Open Data,https://data.nsw.gov.au/data/dataset/nsw-bridge-register,2024-01-12,Sourced,Hume Highway; interstate freight corridor
NSW_BR_0038,Gundagai Bridge,Cootamundra-Gundagai Regional Council,Riverina,NSW,Hume Highway,A79,Transport for NSW,Transport for NSW,Fair,5,Posted,Steel Truss,Steel,4.8,92,334,8,5,2,-35.062,148.104,true,false,NSW Gazette 2015-082,5200,true,true,High,1,Transport for NSW Open Data,https://data.nsw.gov.au/data/dataset/nsw-bridge-register,2023-11-10,Sourced,Historic Murrumbidgee crossing; posted for HML; flood risk
NSW_BR_0039,Tumut River Bridge,Snowy Valleys Council,Riverina,NSW,Snowy Mountains Highway,B72,Transport for NSW,Transport for NSW,Good,7,Unrestricted,Prestressed Concrete Girder,Concrete,5.5,48,148,10,3,2,-35.299,148.226,false,false,,5800,false,false,Medium,1,NSW Spatial SEED,https://portal.seed.nsw.gov.au/SeedMap/,2023-10-05,Inferred,Tumut River crossing; Snowy Hydro region
NSW_BR_0040,Queanbeyan Bridge,Queanbeyan-Palerang Regional Council,South East,NSW,Kings Highway,B52,Transport for NSW,Transport for NSW,Good,8,Unrestricted,Prestressed Concrete Girder,Concrete,5.2,45,140,14,3,4,-35.354,149.234,true,false,NSW Gazette 2021-043,22000,false,false,Low,1,Transport for NSW Open Data,https://data.nsw.gov.au/data/dataset/nsw-bridge-register,2024-03-05,Sourced,Queanbeyan River crossing; proximity to ACT
NSW_BR_0041,Cooma Bridge,Snowy Monaro Regional Council,South East,NSW,Monaro Highway,A23,Transport for NSW,Transport for NSW,Good,7,Unrestricted,Prestressed Concrete Girder,Concrete,5,38,115,10,3,2,-36.237,149.125,true,false,NSW Gazette 2018-059,8500,true,false,Low,1,Transport for NSW Open Data,https://data.nsw.gov.au/data/dataset/nsw-bridge-register,2023-12-22,Sourced,Snowy Mountains gateway; alpine region
NSW_BR_0042,Bermagui Bridge,Bega Valley Shire Council,South East,NSW,Bermagui Road,C241,Local Council,Local Council,Fair,5,Posted,Timber Girder,Timber,4,16,48,6,3,1,-36.422,150.068,false,false,,2100,false,false,Medium,1,NSW Spatial SEED,https://portal.seed.nsw.gov.au/SeedMap/,2023-08-14,Estimated,Coastal timber bridge; tourist traffic; condition estimated from aerial
NSW_BR_0043,Merimbula Bridge,Bega Valley Shire Council,South East,NSW,Princes Highway,A1,Transport for NSW,Transport for NSW,Good,7,Unrestricted,Concrete Slab,Concrete,4.8,30,92,10,3,2,-36.896,149.902,true,false,NSW Gazette 2019-060,6400,false,false,Low,1,Transport for NSW Open Data,https://data.nsw.gov.au/data/dataset/nsw-bridge-register,2023-11-05,Sourced,Coastal holiday town; estuary crossing
NSW_BR_0044,Kiama Bridge,Kiama Municipal Council,Illawarra,NSW,Princes Highway,A1,Transport for NSW,Transport for NSW,Good,8,Unrestricted,Prestressed Concrete Girder,Concrete,5,38,118,12,3,2,-34.671,150.854,true,false,NSW Gazette 2020-033,12500,true,false,Low,1,Transport for NSW Open Data,https://data.nsw.gov.au/data/dataset/nsw-bridge-register,2024-02-08,Sourced,Illawarra coast; tourist and freight route
NSW_BR_0045,Berry Creek Bridge,Shoalhaven City Council,South East,NSW,Princes Highway,A1,Transport for NSW,Transport for NSW,Fair,6,Unrestricted,Concrete Slab,Concrete,4.8,26,72,10,3,2,-34.774,150.699,true,false,,9800,true,false,Low,1,NSW Spatial SEED,https://portal.seed.nsw.gov.au/SeedMap/,2023-10-28,Inferred,Small creek crossing; average condition
NSW_BR_0046,Orange Bridge,Orange City Council,Central West,NSW,Mitchell Highway,A32,Transport for NSW,Transport for NSW,Good,7,Unrestricted,Prestressed Concrete Girder,Concrete,5.2,46,142,12,3,2,-33.2839,149.099,true,true,NSW Gazette 2019-065,14500,true,false,Low,1,Transport for NSW Open Data,https://data.nsw.gov.au/data/dataset/nsw-bridge-register,2024-01-18,Sourced,Canobolas Creek crossing; agricultural region
NSW_BR_0047,Bathurst Bridge,Bathurst Regional Council,Central West,NSW,Mitchell Highway,A32,Transport for NSW,Transport for NSW,Good,8,Unrestricted,Prestressed Concrete Girder,Concrete,5.2,50,155,14,3,2,-33.416,149.576,true,true,NSW Gazette 2020-058,18000,true,false,Medium,1,Transport for NSW Open Data,https://data.nsw.gov.au/data/dataset/nsw-bridge-register,2024-02-05,Sourced,Macquarie River crossing at Bathurst; good condition
NSW_BR_0048,Lithgow Viaduct,Lithgow City Council,Central West,NSW,Great Western Highway,A32,Transport for NSW,Transport for NSW,Fair,6,Unrestricted,Reinforced Concrete Arch,Concrete,6,60,195,10,5,2,-33.483,150.157,true,false,NSW Gazette 2017-070,11000,true,false,Low,1,Transport for NSW Open Data,https://data.nsw.gov.au/data/dataset/nsw-bridge-register,2023-12-15,Sourced,Heritage listed concrete arch; Blue Mountains descent
NSW_BR_0049,Parkes Bridge,Parkes Shire Council,Central West,NSW,Newell Highway,A39,Transport for NSW,Transport for NSW,Good,7,Unrestricted,Prestressed Concrete Girder,Concrete,5.2,44,138,12,3,2,-33.139,148.173,true,true,NSW Gazette 2019-082,8900,true,false,Low,1,Transport for NSW Open Data,https://data.nsw.gov.au/data/dataset/nsw-bridge-register,2024-01-05,Sourced,Lachlan River crossing; radio telescope region
NSW_BR_0050,Forbes Bridge,Forbes Shire Council,Central West,NSW,Newell Highway,A39,Transport for NSW,Transport for NSW,Fair,6,Unrestricted,Steel Plate Girder,Steel,5,55,178,10,4,2,-33.385,148.017,true,false,NSW Gazette 2016-052,6700,true,true,Medium,1,Transport for NSW Open Data,https://data.nsw.gov.au/data/dataset/nsw-bridge-register,2023-11-20,Sourced,Lachlan River crossing; flood risk noted
NSW_BR_0051,Coffs Harbour Bridge,Coffs Harbour City Council,North Coast,NSW,Pacific Highway,A1,Transport for NSW,Transport for NSW,Good,8,Unrestricted,Prestressed Concrete Girder,Concrete,5.5,52,165,14,4,4,-30.2963,153.1157,true,true,NSW Gazette 2021-058,35000,true,false,Low,1,Transport for NSW Open Data,https://data.nsw.gov.au/data/dataset/nsw-bridge-register,2024-04-12,Sourced,Orara River crossing; dual carriageway bypass
NSW_BR_0052,Woolgoolga Bridge,Coffs Harbour City Council,North Coast,NSW,Pacific Highway,A1,Transport for NSW,Transport for NSW,Good,9,Unrestricted,Prestressed Concrete Girder,Concrete,5.8,48,152,16,3,4,-30.112,153.2,true,true,NSW Gazette 2022-014,28000,true,false,Low,1,Transport for NSW Open Data,https://data.nsw.gov.au/data/dataset/nsw-bridge-register,2024-05-18,Sourced,New Pacific Highway bypass; opened 2020; excellent condition
NSW_BR_0053,Ballina Bridge,Ballina Shire Council,North Coast,NSW,Pacific Highway,A1,Transport for NSW,Transport for NSW,Good,8,Unrestricted,Prestressed Concrete Girder,Concrete,5.5,58,192,16,4,4,-28.868,153.56,true,true,NSW Gazette 2021-072,26000,true,false,Medium,1,Transport for NSW Open Data,https://data.nsw.gov.au/data/dataset/nsw-bridge-register,2024-04-28,Sourced,Richmond River crossing; north coast freight
NSW_BR_0054,Lismore Bridge,Lismore City Council,North Coast,NSW,Bruxner Highway,A89,Transport for NSW,Transport for NSW,Poor,3,Load Limited,Steel Plate Girder,Steel,4.5,68,225,9,5,2,-28.8139,153.277,false,false,NSW Gazette 2022-118,14500,false,true,High,1,Transport for NSW Open Data,https://data.nsw.gov.au/data/dataset/nsw-bridge-register,2024-06-02,Sourced,Wilson River; major flood damage Feb 2022; load restricted
NSW_BR_0055,Byron Bay Creek Bridge,Byron Shire Council,North Coast,NSW,Pacific Highway,A1,Transport for NSW,Transport for NSW,Good,7,Unrestricted,Concrete Slab,Concrete,5,28,85,14,3,4,-28.644,153.598,true,false,,18000,true,false,Low,1,Transport for NSW Open Data,https://data.nsw.gov.au/data/dataset/nsw-bridge-register,2024-03-20,Sourced,Near Byron Bay; tourist and freight corridor
NSW_BR_0056,Tweed River Bridge,Tweed Shire Council,North Coast,NSW,Pacific Motorway,M1,Transport for NSW,Transport for NSW,Good,9,Unrestricted,Prestressed Concrete Girder,Concrete,6,65,210,22,4,6,-28.178,153.482,true,true,NSW Gazette 2020-094,62000,true,false,Medium,1,Transport for NSW Open Data,https://data.nsw.gov.au/data/dataset/nsw-bridge-register,2024-05-22,Sourced,M1 motorway; NSW/QLD border gateway
NSW_BR_0057,Port Macquarie Bridge,Port Macquarie-Hastings Council,North Coast,NSW,Pacific Highway,A1,Transport for NSW,Transport for NSW,Good,8,Unrestricted,Prestressed Concrete Girder,Concrete,5.5,56,178,14,4,4,-31.4307,152.9085,true,true,NSW Gazette 2021-039,30000,true,false,Low,1,Transport for NSW Open Data,https://data.nsw.gov.au/data/dataset/nsw-bridge-register,2024-04-08,Sourced,Hastings River; mid-north coast tourism hub
NSW_BR_0058,Taree Bridge,MidCoast Council,North Coast,NSW,Pacific Highway,A1,Transport for NSW,Transport for NSW,Fair,6,Unrestricted,Steel Plate Girder,Steel,5,78,265,10,5,2,-31.905,152.459,true,false,NSW Gazette 2016-085,16500,true,true,High,1,Transport for NSW Open Data,https://data.nsw.gov.au/data/dataset/nsw-bridge-register,2024-02-25,Sourced,Manning River; flood plain; aging structure
NSW_BR_0059,Forster Bridge,MidCoast Council,North Coast,NSW,Lakes Way,B62,Transport for NSW,Transport for NSW,Good,8,Unrestricted,Concrete Box Girder,Concrete,5.8,44,138,12,3,2,-32.182,152.514,false,false,,8500,false,false,Low,1,Transport for NSW Open Data,https://data.nsw.gov.au/data/dataset/nsw-bridge-register,2024-03-18,Sourced,Wallis Lake crossing; holiday destination
NSW_BR_0060,Bulahdelah Bridge,MidCoast Council,North Coast,NSW,Pacific Highway,A1,Transport for NSW,Transport for NSW,Good,7,Unrestricted,Prestressed Concrete Girder,Concrete,5.2,42,130,16,3,4,-32.404,152.207,true,true,NSW Gazette 2021-025,24000,true,false,Low,1,Transport for NSW Open Data,https://data.nsw.gov.au/data/dataset/nsw-bridge-register,2024-04-02,Sourced,Myall River; Pacific Highway bypass
NSW_BR_0061,Newcastle Inner Harbour Bridge,Newcastle City Council,Hunter,NSW,Hannell Street,B72,Transport for NSW,Transport for NSW,Good,8,Unrestricted,Steel Plate Girder,Steel,6.5,88,295,14,5,4,-32.927,151.777,true,false,NSW Gazette 2020-036,32000,false,false,Low,1,Transport for NSW Open Data,https://data.nsw.gov.au/data/dataset/nsw-bridge-register,2024-03-28,Sourced,Inner harbour crossing; port precinct access
NSW_BR_0062,Gosford Bridge,Central Coast Council,Central Coast,NSW,Pacific Highway,A1,Transport for NSW,Transport for NSW,Good,7,Unrestricted,Prestressed Concrete Girder,Concrete,5.5,52,165,14,4,4,-33.4295,151.341,true,false,NSW Gazette 2019-090,29000,true,false,Low,1,Transport for NSW Open Data,https://data.nsw.gov.au/data/dataset/nsw-bridge-register,2024-04-15,Sourced,Brisbane Water crossing; Central Coast commuter route
NSW_BR_0063,Wyong Bridge,Central Coast Council,Central Coast,NSW,Pacific Motorway,M1,Transport for NSW,Transport for NSW,Good,9,Unrestricted,Concrete Box Girder,Concrete,6,58,185,24,4,6,-33.275,151.422,true,true,NSW Gazette 2022-028,75000,true,false,Low,1,Transport for NSW Open Data,https://data.nsw.gov.au/data/dataset/nsw-bridge-register,2024-05-30,Sourced,M1 motorway widened 2022; excellent condition
NSW_BR_0064,Hornsby Creek Bridge,Hornsby Shire Council,Sydney Metro,NSW,Pacific Highway,A1,Transport for NSW,Transport for NSW,Good,8,Unrestricted,Prestressed Concrete Girder,Concrete,5.5,38,115,14,3,4,-33.703,151.094,true,false,NSW Gazette 2020-071,45000,false,false,Low,1,Transport for NSW Open Data,https://data.nsw.gov.au/data/dataset/nsw-bridge-register,2024-04-25,Sourced,Urban fringe crossing; commuter route
NSW_BR_0065,Windsor Bridge,Hawkesbury City Council,Sydney Metro,NSW,Windsor Road,A9,Transport for NSW,Transport for NSW,Good,9,Unrestricted,Prestressed Concrete Girder,Concrete,6,62,198,16,4,4,-33.6153,150.8168,true,false,NSW Gazette 2020-106,28000,false,true,High,1,Transport for NSW Open Data,https://data.nsw.gov.au/data/dataset/nsw-bridge-register,2024-06-08,Sourced,New Hawkesbury River crossing opened 2020; replaced heritage timber bridge
NSW_BR_0066,Richmond Bridge Hawkesbury,Hawkesbury City Council,Sydney Metro,NSW,Bells Line of Road,B52,Local Council,Local Council,Fair,5,Posted,Steel Truss,Steel,4.6,75,248,8,4,2,-33.599,150.754,false,false,NSW Gazette 2017-042,8500,false,true,High,1,NSW Spatial SEED,https://portal.seed.nsw.gov.au/SeedMap/,2023-10-12,Inferred,Old steel truss; flood history; load posted
NSW_BR_0067,Campbelltown Nepean Bridge,Campbelltown City Council,Sydney Metro,NSW,Narellan Road,B55,Transport for NSW,Transport for NSW,Good,7,Unrestricted,Concrete Slab,Concrete,5,28,82,16,3,4,-34.066,150.813,true,false,NSW Gazette 2019-034,42000,false,false,Low,1,Transport for NSW Open Data,https://data.nsw.gov.au/data/dataset/nsw-bridge-register,2024-03-10,Sourced,South-west Sydney growth area; adequate condition
NSW_BR_0068,Picton Road Bridge,Wollondilly Shire,Southern Highlands,NSW,Picton Road,C229,Transport for NSW,Transport for NSW,Fair,6,Unrestricted,Prestressed Concrete Girder,Concrete,5,36,108,10,3,2,-34.178,150.622,false,false,,7200,false,false,Low,1,NSW Spatial SEED,https://portal.seed.nsw.gov.au/SeedMap/,2023-09-25,Inferred,Southern Highlands access road; moderate traffic
NSW_BR_0069,Moss Vale Bridge,Wingecarribee Shire Council,Southern Highlands,NSW,Illawarra Highway,A48,Transport for NSW,Transport for NSW,Good,7,Unrestricted,Concrete Slab,Concrete,4.8,26,76,10,3,2,-34.55,150.377,false,false,,9400,false,false,Low,1,Transport for NSW Open Data,https://data.nsw.gov.au/data/dataset/nsw-bridge-register,2023-12-05,Sourced,Southern Highlands; residential and tourist traffic
NSW_BR_0070,Goulburn Bridge,Goulburn Mulwaree Council,South East,NSW,Hume Highway,A79,Transport for NSW,Transport for NSW,Good,8,Unrestricted,Prestressed Concrete Girder,Concrete,5.5,50,160,14,4,4,-34.755,149.719,true,true,NSW Gazette 2020-062,15000,true,false,Low,1,Transport for NSW Open Data,https://data.nsw.gov.au/data/dataset/nsw-bridge-register,2024-02-22,Sourced,Wollondilly River; Hume Highway interstate freight
NSW_BR_0071,Yass Bridge,Yass Valley Council,South East,NSW,Hume Highway,A79,Transport for NSW,Transport for NSW,Good,7,Unrestricted,Prestressed Concrete Girder,Concrete,5.2,45,142,14,3,4,-34.842,148.911,true,true,NSW Gazette 2019-096,14200,true,false,Low,1,Transport for NSW Open Data,https://data.nsw.gov.au/data/dataset/nsw-bridge-register,2024-02-01,Sourced,Yass River crossing; Hume Highway
NSW_BR_0072,Temora Bridge,Temora Shire Council,Riverina,NSW,Olympic Highway,B94,Transport for NSW,Transport for NSW,Fair,5,Posted,Concrete Slab,Concrete,4.6,24,72,9,3,2,-34.449,147.535,false,false,NSW Gazette 2018-066,4600,true,false,Low,1,Transport for NSW Open Data,https://data.nsw.gov.au/data/dataset/nsw-bridge-register,2023-11-18,Sourced,Agricultural region; grain transport route
NSW_BR_0073,Deniliquin Bridge,Edward River Council,Riverina,NSW,Cobb Highway,B58,Transport for NSW,Transport for NSW,Fair,6,Unrestricted,Steel Plate Girder,Steel,4.8,65,212,10,4,2,-35.531,144.965,true,false,NSW Gazette 2017-081,5800,true,true,High,1,Transport for NSW Open Data,https://data.nsw.gov.au/data/dataset/nsw-bridge-register,2023-12-12,Sourced,Edward River crossing; Murray irrigation area
NSW_BR_0074,Hay Bridge,Hay Shire Council,Riverina,NSW,Sturt Highway,A20,Transport for NSW,Transport for NSW,Good,7,Unrestricted,Prestressed Concrete Girder,Concrete,5.5,62,198,12,4,2,-34.5275,144.845,true,true,NSW Gazette 2019-068,4200,true,true,High,1,Transport for NSW Open Data,https://data.nsw.gov.au/data/dataset/nsw-bridge-register,2024-01-08,Sourced,Murrumbidgee River crossing; remote flat plains
NSW_BR_0075,West Wyalong Bridge,Bland Shire Council,Riverina,NSW,Mid Western Highway,B55,Transport for NSW,Transport for NSW,Good,7,Unrestricted,Concrete Slab,Concrete,4.8,22,65,10,3,2,-33.928,147.207,true,false,,4800,true,false,Low,1,Transport for NSW Open Data,https://data.nsw.gov.au/data/dataset/nsw-bridge-register,2023-12-20,Sourced,Mid-western plains; gold rush heritage town
NSW_BR_0076,Condobolin Bridge,Lachlan Shire Council,Central West,NSW,Mid Western Highway,B55,Transport for NSW,Transport for NSW,Fair,5,Posted,Steel Plate Girder,Steel,4.8,55,175,8,4,2,-33.087,147.148,false,false,NSW Gazette 2016-044,3900,true,true,Medium,1,Transport for NSW Open Data,https://data.nsw.gov.au/data/dataset/nsw-bridge-register,2023-11-08,Sourced,Lachlan River; aging steel girder; posted
NSW_BR_0077,Nyngan Bridge,Bogan Shire Council,Western NSW,NSW,Mitchell Highway,A32,Transport for NSW,Transport for NSW,Good,7,Unrestricted,Prestressed Concrete Girder,Concrete,5.2,48,152,10,3,2,-31.558,147.197,true,true,NSW Gazette 2018-048,4100,true,true,High,1,Transport for NSW Open Data,https://data.nsw.gov.au/data/dataset/nsw-bridge-register,2023-12-08,Sourced,Bogan River; historic flood town 1990; over-mass freight
NSW_BR_0078,Gilgandra Bridge,Gilgandra Shire Council,Central West,NSW,Castlereagh Highway,A33,Transport for NSW,Transport for NSW,Fair,5,Posted,Timber Girder,Timber,4.2,16,62,6.5,4,1,-31.714,148.656,false,false,NSW Gazette 2019-112,2800,false,false,Low,1,NSW Spatial SEED,https://portal.seed.nsw.gov.au/SeedMap/,2023-09-14,Inferred,Castlereagh River; old timber; posted for HML
NSW_BR_0079,Gunnedah Bridge,Gunnedah Shire Council,North West,NSW,Oxley Highway,A34,Transport for NSW,Transport for NSW,Good,7,Unrestricted,Prestressed Concrete Girder,Concrete,5.2,52,165,12,4,2,-30.981,150.254,true,true,NSW Gazette 2019-044,8600,true,true,Medium,1,Transport for NSW Open Data,https://data.nsw.gov.au/data/dataset/nsw-bridge-register,2024-01-22,Sourced,Namoi River crossing; coal and cotton region
NSW_BR_0080,Coonabarabran Bridge,Warrumbungle Shire Council,North West,NSW,Oxley Highway,A34,Transport for NSW,Transport for NSW,Fair,6,Unrestricted,Concrete Slab,Concrete,4.8,28,82,10,3,2,-31.271,149.277,true,false,,4200,false,false,Low,1,Transport for NSW Open Data,https://data.nsw.gov.au/data/dataset/nsw-bridge-register,2023-11-28,Sourced,Castlereagh River; near Warrumbungle NP
NSW_BR_0081,Lightning Ridge Bridge,Lightning Ridge Council,North West,NSW,Castlereagh Highway,A33,Transport for NSW,Transport for NSW,Poor,4,Load Limited,Timber Girder,Timber,3.9,14,52,5.5,4,1,-29.431,147.979,false,false,NSW Gazette 2020-088,1500,false,false,Low,1,NSW Spatial SEED,https://portal.seed.nsw.gov.au/SeedMap/,2023-08-20,Estimated,Remote opal mining area; old timber; load limited
NSW_BR_0082,Tibooburra Crossing,Broken Hill City Council,Western NSW,NSW,Tibooburra Road,C576,Local Council,Local Council,Poor,3,Load Limited,Concrete Slab,Concrete,4,16,42,6,3,1,-29.434,142.014,false,false,,500,false,true,High,1,OpenStreetMap (fallback),https://www.openstreetmap.org,2023-06-15,Estimated,Remote outback; minimal inspection data; coordinates estimated
NSW_BR_0083,Menindee Bridge,Central Darling Shire Council,Western NSW,NSW,Menindee Road,C577,Transport for NSW,Transport for NSW,Fair,5,Posted,Steel Plate Girder,Steel,4.8,55,175,8,4,2,-32.393,142.412,false,false,NSW Gazette 2017-095,1200,false,true,High,1,Transport for NSW Open Data,https://data.nsw.gov.au/data/dataset/nsw-bridge-register,2023-09-28,Inferred,Darling River near Menindee Lakes; remote; flood risk
NSW_BR_0084,Wilcannia Bridge,Central Darling Shire Council,Western NSW,NSW,Barrier Highway,A32,Transport for NSW,Transport for NSW,Fair,5,Posted,Steel Truss,Steel,4.6,80,265,7.5,4,2,-31.559,143.372,true,false,NSW Gazette 2015-062,2400,true,true,High,1,Transport for NSW Open Data,https://data.nsw.gov.au/data/dataset/nsw-bridge-register,2023-10-15,Sourced,Darling River; heritage steel truss; flood events frequent
NSW_BR_0085,Ivanhoe Bridge,Wentworth Shire Council,Western NSW,NSW,Cobb Highway,B58,Transport for NSW,Transport for NSW,Poor,4,Load Limited,Timber Girder,Timber,3.8,14,46,5.5,3,1,-32.894,144.297,false,false,NSW Gazette 2021-075,1100,false,false,Low,1,NSW Spatial SEED,https://portal.seed.nsw.gov.au/SeedMap/,2023-07-10,Estimated,Remote far-west; old timber deck; urgent replacement needed
NSW_BR_0086,Wentworth Bridge,Wentworth Shire Council,Western NSW,NSW,Sturt Highway,A20,Transport for NSW,Transport for NSW,Good,7,Unrestricted,Prestressed Concrete Girder,Concrete,5.5,68,218,12,4,2,-34.105,141.912,true,true,NSW Gazette 2018-074,3600,true,true,Medium,1,Transport for NSW Open Data,https://data.nsw.gov.au/data/dataset/nsw-bridge-register,2024-01-05,Sourced,Murray-Darling junction; interstate freight to SA
NSW_BR_0087,Corowa Bridge,Federation Council,Riverina,NSW,Federation Way,B72,Transport for NSW,Transport for NSW,Good,7,Unrestricted,Steel Plate Girder,Steel,5,72,240,10,4,2,-35.992,146.383,true,false,NSW Gazette 2018-032,4800,true,false,Low,1,Transport for NSW Open Data,https://data.nsw.gov.au/data/dataset/nsw-bridge-register,2023-12-28,Sourced,Murray River NSW/VIC border crossing
NSW_BR_0088,Tocumwal Bridge,Berrigan Shire Council,Riverina,NSW,Newell Highway,A39,Transport for NSW,Transport for NSW,Good,8,Unrestricted,Prestressed Concrete Girder,Concrete,5.2,58,185,12,4,2,-35.816,145.563,true,true,NSW Gazette 2020-050,5500,true,false,Low,1,Transport for NSW Open Data,https://data.nsw.gov.au/data/dataset/nsw-bridge-register,2024-01-15,Sourced,Murray River border; Newell Highway freight to Melbourne
NSW_BR_0089,Moama Bridge,Murray River Council,Riverina,NSW,Cobb Highway,B58,Transport for NSW,Transport for NSW,Good,9,Unrestricted,Cable Stayed,Composite,6.5,155,382,18,3,4,-36.111,144.755,true,true,NSW Gazette 2022-043,18000,true,false,Low,1,Transport for NSW Open Data,https://data.nsw.gov.au/data/dataset/nsw-bridge-register,2024-06-10,Sourced,New cable-stayed Murray River crossing; opened 2021; excellent condition
NSW_BR_0090,Tumbarumba Bridge,Snowy Valleys Council,Riverina,NSW,Tooma Road,C548,Local Council,Local Council,Fair,5,Posted,Timber Girder,Timber,4,12,38,5.5,3,1,-35.78,148.004,false,false,,1800,false,false,Low,1,NSW Spatial SEED,https://portal.seed.nsw.gov.au/SeedMap/,2023-08-05,Estimated,Rural timber bridge; local council maintained
NSW_BR_0091,Jindabyne Bridge,Snowy Monaro Regional Council,South East,NSW,Snowy Mountains Highway,B72,Transport for NSW,Transport for NSW,Good,8,Unrestricted,Prestressed Concrete Girder,Concrete,5.5,55,175,12,4,2,-36.41,148.62,false,false,NSW Gazette 2018-082,6800,false,false,Low,1,Transport for NSW Open Data,https://data.nsw.gov.au/data/dataset/nsw-bridge-register,2024-02-15,Sourced,Snowy Mountains gateway; Snowy River crossing
NSW_BR_0092,Eden Bridge,Bega Valley Shire Council,South East,NSW,Princes Highway,A1,Transport for NSW,Transport for NSW,Good,7,Unrestricted,Concrete Slab,Concrete,5,28,85,10,3,2,-37.064,149.905,true,false,,5400,false,false,Low,1,Transport for NSW Open Data,https://data.nsw.gov.au/data/dataset/nsw-bridge-register,2023-11-15,Sourced,Southernmost NSW coastal town; port access
NSW_BR_0093,Narooma Bridge,Eurobodalla Shire Council,South East,NSW,Princes Highway,A1,Transport for NSW,Transport for NSW,Good,8,Unrestricted,Concrete Box Girder,Concrete,5.5,50,158,12,4,2,-36.218,150.135,true,false,NSW Gazette 2020-025,7600,false,false,Low,1,Transport for NSW Open Data,https://data.nsw.gov.au/data/dataset/nsw-bridge-register,2024-02-05,Sourced,Wagonga Inlet crossing; tourist coastal bridge
NSW_BR_0094,Moruya Bridge,Eurobodalla Shire Council,South East,NSW,Princes Highway,A1,Transport for NSW,Transport for NSW,Fair,6,Unrestricted,Steel Plate Girder,Steel,4.8,65,215,9,4,2,-35.905,150.083,true,false,NSW Gazette 2016-068,8900,true,false,Medium,1,Transport for NSW Open Data,https://data.nsw.gov.au/data/dataset/nsw-bridge-register,2024-01-28,Sourced,Moruya River; aging steel structure
NSW_BR_0095,Ulladulla Bridge,Shoalhaven City Council,South East,NSW,Princes Highway,A1,Transport for NSW,Transport for NSW,Good,7,Unrestricted,Concrete Slab,Concrete,5,30,90,12,3,2,-35.362,150.476,true,false,,10500,false,false,Low,1,Transport for NSW Open Data,https://data.nsw.gov.au/data/dataset/nsw-bridge-register,2024-01-10,Sourced,Deua River at Ulladulla; tourist and fishing destination
NSW_BR_0096,Kempsey Bridge,Kempsey Shire Council,North Coast,NSW,Pacific Highway,A1,Transport for NSW,Transport for NSW,Good,8,Unrestricted,Prestressed Concrete Girder,Concrete,5.5,62,198,16,4,4,-31.084,152.835,true,true,NSW Gazette 2021-048,24000,true,true,High,1,Transport for NSW Open Data,https://data.nsw.gov.au/data/dataset/nsw-bridge-register,2024-04-05,Sourced,Macleay River; flood-prone valley; Pacific Highway
NSW_BR_0097,Nambucca Heads Bridge,Nambucca Valley Council,North Coast,NSW,Pacific Highway,A1,Transport for NSW,Transport for NSW,Good,9,Unrestricted,Prestressed Concrete Girder,Concrete,5.8,55,175,16,4,4,-30.644,152.99,true,true,NSW Gazette 2022-018,22000,true,false,Low,1,Transport for NSW Open Data,https://data.nsw.gov.au/data/dataset/nsw-bridge-register,2024-05-12,Sourced,Nambucca River; new bypass bridge; excellent condition
NSW_BR_0098,Bellingen Bridge,Bellingen Shire Council,North Coast,NSW,Waterfall Way,B78,Transport for NSW,Transport for NSW,Fair,5,Posted,Steel Truss,Steel,4.5,92,298,8,4,2,-30.447,152.899,false,false,NSW Gazette 2017-058,4800,false,true,High,1,Transport for NSW Open Data,https://data.nsw.gov.au/data/dataset/nsw-bridge-register,2024-02-18,Sourced,Bellinger River; heritage steel truss; flood prone
NSW_BR_0099,Dorrigo Bridge,Bellingen Shire Council,North Coast,NSW,Waterfall Way,B78,Transport for NSW,Transport for NSW,Good,7,Unrestricted,Concrete Slab,Concrete,5,28,82,10,3,2,-30.337,152.716,false,false,,3200,false,false,Low,1,Transport for NSW Open Data,https://data.nsw.gov.au/data/dataset/nsw-bridge-register,2023-11-10,Sourced,Escarpment access; Dorrigo National Park gateway
NSW_BR_0100,Uralla Bridge,Uralla Shire Council,New England,NSW,New England Highway,A15,Transport for NSW,Transport for NSW,Good,7,Unrestricted,Prestressed Concrete Girder,Concrete,5,38,115,10,3,2,-30.643,151.492,true,false,,6800,true,false,Low,2,Transport for NSW Open Data,https://data.nsw.gov.au/data/dataset/nsw-bridge-register,2023-12-08,Sourced,New England Tablelands; bushrangers heritage
NSW_BR_0101,Walcha Bridge,Walcha Council,New England,NSW,Oxley Highway,A34,Transport for NSW,Transport for NSW,Good,7,Unrestricted,Prestressed Concrete Girder,Concrete,5,36,108,10,3,2,-30.988,151.598,true,false,,3800,true,false,Low,2,NSW Spatial SEED,https://portal.seed.nsw.gov.au/SeedMap/,2023-10-20,Inferred,Apsley River; New England cattle country
NSW_BR_0102,Quirindi Bridge,Liverpool Plains Shire Council,New England,NSW,New England Highway,A15,Transport for NSW,Transport for NSW,Good,8,Unrestricted,Concrete Slab,Concrete,4.8,26,76,12,3,2,-31.506,150.689,true,true,NSW Gazette 2019-037,8200,true,false,Low,1,Transport for NSW Open Data,https://data.nsw.gov.au/data/dataset/nsw-bridge-register,2024-01-28,Sourced,Liverpool Plains; wheat and cotton farming region
NSW_BR_0103,Manilla Bridge,Tamworth Regional Council,New England,NSW,Manilla Road,B53,Transport for NSW,Transport for NSW,Fair,6,Unrestricted,Concrete Slab,Concrete,4.8,24,72,8,3,2,-30.746,150.724,false,false,,3400,false,false,Low,1,NSW Spatial SEED,https://portal.seed.nsw.gov.au/SeedMap/,2023-09-08,Inferred,Namoi River tributary; semi-rural community access
NSW_BR_0104,Wee Waa Bridge,Narrabri Shire Council,North West,NSW,Newell Highway,A39,Transport for NSW,Transport for NSW,Good,7,Unrestricted,Prestressed Concrete Girder,Concrete,5.2,44,140,10,3,2,-30.228,149.433,true,false,NSW Gazette 2018-058,4500,true,true,Medium,1,Transport for NSW Open Data,https://data.nsw.gov.au/data/dataset/nsw-bridge-register,2023-12-15,Sourced,Namoi River; cotton growing region; flood risk
NSW_BR_0105,Collarenebri Bridge,Walgett Shire Council,North West,NSW,Gwydir Highway,A39,Transport for NSW,Transport for NSW,Poor,4,Load Limited,Timber Girder,Timber,4,15,55,6,4,1,-29.547,148.575,false,false,NSW Gazette 2021-095,1600,false,true,High,1,NSW Spatial SEED,https://portal.seed.nsw.gov.au/SeedMap/,2023-08-25,Estimated,Barwon River; remote; timber deck deterioration; load limited
NSW_BR_0106,Mungindi Bridge,Moree Plains Shire Council,North West,NSW,Carnarvon Highway,A38,Transport for NSW,Transport for NSW,Fair,6,Unrestricted,Steel Plate Girder,Steel,5,58,188,8,4,2,-28.974,148.721,true,false,NSW Gazette 2016-072,2200,true,true,High,1,Transport for NSW Open Data,https://data.nsw.gov.au/data/dataset/nsw-bridge-register,2023-10-10,Sourced,NSW/QLD border; Barwon-Darling system; flood risk
NSW_BR_0107,Tenterfield Railway Viaduct,Tenterfield Shire Council,New England,NSW,Tenterfield Road,B76,Local Council,Local Council,Fair,5,Posted,Reinforced Concrete Arch,Concrete,5.5,42,165,8,5,2,-29.051,152.002,false,false,NSW Gazette 2018-091,4200,false,false,Low,2,NSW Spatial SEED,https://portal.seed.nsw.gov.au/SeedMap/,2023-09-18,Inferred,Heritage concrete arch viaduct; near QLD border
NSW_BR_0108,Murrurundi Bridge,Upper Hunter Shire Council,Hunter,NSW,New England Highway,A15,Transport for NSW,Transport for NSW,Good,7,Unrestricted,Prestressed Concrete Girder,Concrete,5,40,122,10,3,2,-31.765,150.838,true,false,,6500,true,false,Low,1,Transport for NSW Open Data,https://data.nsw.gov.au/data/dataset/nsw-bridge-register,2023-12-22,Sourced,Pages River crossing; Liverpool Ranges
NSW_BR_0109,Scone Bridge,Upper Hunter Shire Council,Hunter,NSW,New England Highway,A15,Transport for NSW,Transport for NSW,Good,8,Unrestricted,Prestressed Concrete Girder,Concrete,5.2,44,138,12,3,2,-32.068,150.862,true,true,NSW Gazette 2020-038,9800,true,false,Low,1,Transport for NSW Open Data,https://data.nsw.gov.au/data/dataset/nsw-bridge-register,2024-01-20,Sourced,Hunter River headwaters; horse breeding capital
NSW_BR_0110,Dungog Bridge,Dungog Shire Council,Hunter,NSW,Clarence Town Road,B63,Local Council,Local Council,Fair,5,Posted,Concrete Slab,Concrete,4.6,22,65,8,3,2,-32.4,151.709,false,false,,4500,false,true,Medium,1,NSW Spatial SEED,https://portal.seed.nsw.gov.au/SeedMap/,2023-09-02,Inferred,Williams River; flood damage 2022; local council maintained
NSW_BR_0111,Gloucester Bridge,MidCoast Council,Hunter,NSW,Bucketts Way,B65,Transport for NSW,Transport for NSW,Good,7,Unrestricted,Prestressed Concrete Girder,Concrete,5,40,122,10,3,2,-32.001,151.966,false,false,,5600,true,false,Low,1,Transport for NSW Open Data,https://data.nsw.gov.au/data/dataset/nsw-bridge-register,2023-11-25,Sourced,Barrington River; alpine foothills
NSW_BR_0112,Cessnock Wine Country Bridge,Cessnock City Council,Hunter,NSW,Wine Country Drive,B65,Local Council,Local Council,Good,7,Unrestricted,Composite Girder,Composite,5,32,96,10,3,2,-32.835,151.299,false,false,,7800,false,false,Low,1,Transport for NSW Open Data,https://data.nsw.gov.au/data/dataset/nsw-bridge-register,2023-12-05,Sourced,Hunter Valley wine region; tourist traffic
NSW_BR_0113,Lake Macquarie Bridge,Lake Macquarie City Council,Hunter,NSW,Pacific Highway,A1,Transport for NSW,Transport for NSW,Good,8,Unrestricted,Prestressed Concrete Girder,Concrete,5.8,55,178,16,4,4,-33.098,151.628,true,false,NSW Gazette 2020-083,38000,true,false,Low,1,Transport for NSW Open Data,https://data.nsw.gov.au/data/dataset/nsw-bridge-register,2024-04-18,Sourced,Swansea Channel crossing; Pacific Highway
NSW_BR_0114,Swansea Bridge,Lake Macquarie City Council,Hunter,NSW,Swansea Road,B64,Transport for NSW,Transport for NSW,Good,9,Unrestricted,Concrete Box Girder,Concrete,6,65,205,14,4,4,-33.072,151.647,true,false,NSW Gazette 2022-035,25000,false,false,Low,1,Transport for NSW Open Data,https://data.nsw.gov.au/data/dataset/nsw-bridge-register,2024-05-08,Sourced,Lake Macquarie estuary; new structure 2021; excellent condition
NSW_BR_0115,Albury-Wodonga Ring Road Bridge,Albury City Council,Riverina,NSW,Murray Valley Highway,B400,Transport for NSW,Transport for NSW,Good,9,Unrestricted,Prestressed Concrete Girder,Concrete,5.8,60,190,18,4,4,-36.056,146.938,true,true,NSW Gazette 2022-052,22000,true,false,Low,1,Transport for NSW Open Data,https://data.nsw.gov.au/data/dataset/nsw-bridge-register,2024-05-25,Sourced,Border freight bypass; Murray River; new structure 2022
NSW_BR_0116,Culcairn Bridge,Greater Hume Shire Council,Riverina,NSW,Olympic Highway,B94,Transport for NSW,Transport for NSW,Fair,6,Unrestricted,Concrete Slab,Concrete,4.8,24,72,10,3,2,-35.67,147.04,true,false,,3900,true,false,Low,1,Transport for NSW Open Data,https://data.nsw.gov.au/data/dataset/nsw-bridge-register,2023-12-10,Sourced,Billabong Creek; agricultural rural area
NSW_BR_0117,Holbrook Bridge,Greater Hume Shire Council,Riverina,NSW,Hume Highway,A79,Transport for NSW,Transport for NSW,Good,8,Unrestricted,Prestressed Concrete Girder,Concrete,5.2,48,150,14,3,4,-35.724,147.312,true,true,NSW Gazette 2019-054,9500,true,false,Low,1,Transport for NSW Open Data,https://data.nsw.gov.au/data/dataset/nsw-bridge-register,2024-01-22,Sourced,Hume Highway; submarine replica town; interstate freight
NSW_BR_0118,Tumut Blowering Bridge,Snowy Valleys Council,Riverina,NSW,Snowy Mountains Highway,B72,Transport for NSW,Transport for NSW,Good,7,Unrestricted,Prestressed Concrete Girder,Concrete,5.5,52,162,10,3,2,-35.505,148.182,false,false,,4200,false,false,Low,1,NSW Spatial SEED,https://portal.seed.nsw.gov.au/SeedMap/,2023-10-25,Inferred,Tumut River near Blowering Dam
NSW_BR_0119,Bombala Bridge,Snowy Monaro Regional Council,South East,NSW,Monaro Highway,A23,Transport for NSW,Transport for NSW,Good,7,Unrestricted,Concrete Slab,Concrete,5,28,84,10,3,2,-36.909,149.241,false,false,,2800,false,false,Low,1,Transport for NSW Open Data,https://data.nsw.gov.au/data/dataset/nsw-bridge-register,2023-11-02,Sourced,Bombala River; high altitude; near Vic border
NSW_BR_0120,Delegate Bridge,Snowy Monaro Regional Council,South East,NSW,Imlay Road,C542,Local Council,Local Council,Fair,5,Posted,Timber Girder,Timber,4,14,42,5.5,3,1,-37.05,148.958,false,false,,1200,false,false,Low,1,NSW Spatial SEED,https://portal.seed.nsw.gov.au/SeedMap/,2023-07-20,Estimated,Remote alpine area; old timber; near NSW/VIC border
NSW_BR_0121,Mudgee Bridge,Mid-Western Regional Council,Central West,NSW,Castlereagh Highway,A33,Transport for NSW,Transport for NSW,Good,7,Unrestricted,Prestressed Concrete Girder,Concrete,5.2,46,145,12,3,2,-32.596,149.587,true,false,NSW Gazette 2019-049,11000,true,false,Low,1,Transport for NSW Open Data,https://data.nsw.gov.au/data/dataset/nsw-bridge-register,2024-01-15,Sourced,Cudgegong River; wine region; agricultural
NSW_BR_0122,Rylstone Bridge,Mid-Western Regional Council,Central West,NSW,Castlereagh Highway,A33,Transport for NSW,Transport for NSW,Fair,5,Posted,Steel Plate Girder,Steel,4.6,48,152,8,4,2,-32.803,149.965,false,false,NSW Gazette 2017-063,4100,false,false,Low,1,Transport for NSW Open Data,https://data.nsw.gov.au/data/dataset/nsw-bridge-register,2023-11-28,Sourced,Cudgegong River; aging steel girder; posted
NSW_BR_0123,Oberon Bridge,Oberon Council,Central West,NSW,Abercrombie Road,B54,Local Council,Local Council,Good,7,Unrestricted,Concrete Slab,Concrete,4.8,22,65,8,3,2,-33.704,149.86,false,false,,4800,false,false,Low,1,NSW Spatial SEED,https://portal.seed.nsw.gov.au/SeedMap/,2023-09-12,Inferred,Abercrombie River; high altitude farming area
NSW_BR_0124,Cowra Bridge,Cowra Shire Council,Central West,NSW,Mid Western Highway,B55,Transport for NSW,Transport for NSW,Good,7,Unrestricted,Prestressed Concrete Girder,Concrete,5,50,158,12,4,2,-33.837,148.684,true,false,NSW Gazette 2019-062,8600,true,true,Medium,1,Transport for NSW Open Data,https://data.nsw.gov.au/data/dataset/nsw-bridge-register,2024-01-08,Sourced,Lachlan River; WW2 POW camp heritage town
NSW_BR_0125,Grenfell Bridge,Weddin Shire Council,Central West,NSW,Henry Lawson Way,B55,Transport for NSW,Transport for NSW,Fair,6,Unrestricted,Concrete Slab,Concrete,4.6,22,66,8,3,2,-33.867,148.161,false,false,,3200,false,false,Low,1,NSW Spatial SEED,https://portal.seed.nsw.gov.au/SeedMap/,2023-10-08,Inferred,Henry Lawson birthplace area; rural central west
NSW_BR_0126,Blayney Bridge,Blayney Shire Council,Central West,NSW,Mid Western Highway,B55,Transport for NSW,Transport for NSW,Good,7,Unrestricted,Concrete Slab,Concrete,5,24,72,10,3,2,-33.532,149.256,true,false,NSW Gazette 2018-043,6800,true,false,Low,1,Transport for NSW Open Data,https://data.nsw.gov.au/data/dataset/nsw-bridge-register,2023-12-18,Sourced,Belubula River; copper mining history
NSW_BR_0127,Canowindra Bridge,Cabonne Council,Central West,NSW,Eugowra Road,C264,Local Council,Local Council,Fair,5,Posted,Steel Plate Girder,Steel,4.6,42,132,7.5,3,2,-33.565,148.663,false,false,NSW Gazette 2017-076,3400,false,true,Medium,1,NSW Spatial SEED,https://portal.seed.nsw.gov.au/SeedMap/,2023-09-22,Inferred,Belubula River; balloon festival town; flood risk
NSW_BR_0128,Eugowra Bridge,Cabonne Council,Central West,NSW,Escort Way,B55,Transport for NSW,Transport for NSW,Poor,3,Load Limited,Timber Girder,Timber,4,14,45,6,3,1,-33.427,148.384,false,false,NSW Gazette 2022-098,1900,false,true,High,1,NSW Spatial SEED,https://portal.seed.nsw.gov.au/SeedMap/,2023-07-15,Estimated,Canobolas Creek; flood impacted Nov 2022; urgent replacement
NSW_BR_0129,Molong Bridge,Cabonne Council,Central West,NSW,Mitchell Highway,A32,Transport for NSW,Transport for NSW,Good,7,Unrestricted,Concrete Slab,Concrete,4.8,28,85,12,3,2,-33.102,148.871,true,true,NSW Gazette 2019-072,6900,true,false,Low,1,Transport for NSW Open Data,https://data.nsw.gov.au/data/dataset/nsw-bridge-register,2023-12-28,Sourced,Molong Creek; Mitchell Highway freight corridor
NSW_BR_0130,Canberra Connector Bridge,Queanbeyan-Palerang Regional Council,South East,NSW,Federal Highway,B23,Transport for NSW,Transport for NSW,Good,9,Unrestricted,Prestressed Concrete Girder,Concrete,6,55,175,22,4,4,-35.205,149.168,true,true,NSW Gazette 2022-066,32000,true,false,Low,1,Transport for NSW Open Data,https://data.nsw.gov.au/data/dataset/nsw-bridge-register,2024-05-28,Sourced,NSW/ACT gateway; major commuter and freight route
NSW_BR_0131,Bega Bridge,Bega Valley Shire Council,South East,NSW,Snowy Mountains Highway,B72,Transport for NSW,Transport for NSW,Good,7,Unrestricted,Prestressed Concrete Girder,Concrete,5,48,152,10,4,2,-36.674,149.835,true,false,NSW Gazette 2018-068,8200,true,false,Low,1,Transport for NSW Open Data,https://data.nsw.gov.au/data/dataset/nsw-bridge-register,2024-01-20,Sourced,Bega River; cheese and dairy region
NSW_BR_0132,Bodalla Bridge,Eurobodalla Shire Council,South East,NSW,Princes Highway,A1,Transport for NSW,Transport for NSW,Good,7,Unrestricted,Concrete Slab,Concrete,4.8,24,72,10,3,2,-36.077,150.069,true,false,,6100,false,false,Low,1,Transport for NSW Open Data,https://data.nsw.gov.au/data/dataset/nsw-bridge-register,2023-11-18,Sourced,Princes Highway coastal crossing; dairy farming heritage
NSW_BR_0133,Wollombi Brook Bridge,Cessnock City Council,Hunter,NSW,Wollombi Road,B63,Local Council,Local Council,Fair,5,Posted,Concrete Slab,Concrete,4.5,20,58,7.5,3,2,-32.95,151.13,false,false,NSW Gazette 2018-085,3100,false,true,Medium,1,NSW Spatial SEED,https://portal.seed.nsw.gov.au/SeedMap/,2023-09-15,Inferred,Wollombi Brook; rural council route; flood history
NSW_BR_0134,Karuah River Bridge,Port Stephens Council,Hunter,NSW,Pacific Highway,A1,Transport for NSW,Transport for NSW,Good,9,Unrestricted,Prestressed Concrete Girder,Concrete,6,60,192,16,4,4,-32.653,151.959,true,true,NSW Gazette 2021-033,29000,true,false,Low,1,Transport for NSW Open Data,https://data.nsw.gov.au/data/dataset/nsw-bridge-register,2024-05-02,Sourced,Pacific Highway; new bypass bridge; excellent condition
NSW_BR_0135,Raymond Terrace Bridge,Port Stephens Council,Hunter,NSW,Pacific Highway,A1,Transport for NSW,Transport for NSW,Good,8,Unrestricted,Prestressed Concrete Girder,Concrete,5.5,55,175,16,4,4,-32.758,151.738,true,true,NSW Gazette 2020-044,34000,true,false,Low,1,Transport for NSW Open Data,https://data.nsw.gov.au/data/dataset/nsw-bridge-register,2024-04-22,Sourced,Hunter River near estuary; port access road
NSW_BR_0136,Penrith Nepean Motorway Bridge,Penrith City Council,Sydney Metro,NSW,M4 Western Motorway,M4,Transport for NSW,Transport for NSW,Good,9,Unrestricted,Prestressed Concrete Girder,Concrete,6.5,72,230,28,4,6,-33.762,150.708,true,true,NSW Gazette 2021-018,85000,true,true,High,1,Transport for NSW Open Data,https://data.nsw.gov.au/data/dataset/nsw-bridge-register,2024-06-12,Sourced,M4 motorway; Nepean River; high AADT; flood plain
NSW_BR_0137,Prospect Creek Bridge M7,Fairfield City Council,Sydney Metro,NSW,M7 Western Sydney Motorway,M7,Transport for NSW,Transport for NSW,Good,9,Unrestricted,Prestressed Concrete Girder,Concrete,6,52,168,26,4,6,-33.888,150.885,true,true,NSW Gazette 2020-078,92000,true,false,Low,1,Transport for NSW Open Data,https://data.nsw.gov.au/data/dataset/nsw-bridge-register,2024-06-05,Sourced,M7 orbital motorway; logistics hub precinct
NSW_BR_0138,Lane Cove River Bridge M2,Ryde City Council,Sydney Metro,NSW,M2 Hills Motorway,M2,Transport for NSW,Transport for NSW,Good,8,Unrestricted,Prestressed Concrete Girder,Concrete,6.2,60,192,24,4,6,-33.768,151.082,true,false,NSW Gazette 2020-049,78000,false,false,Low,1,Transport for NSW Open Data,https://data.nsw.gov.au/data/dataset/nsw-bridge-register,2024-05-15,Sourced,M2 motorway; north-western Sydney commuter corridor
NSW_BR_0139,Parramatta River Bridge M4,Parramatta City Council,Sydney Metro,NSW,M4 Western Motorway,M4,Transport for NSW,Transport for NSW,Good,8,Unrestricted,Concrete Box Girder,Concrete,6,65,208,24,4,6,-33.808,151.002,true,true,NSW Gazette 2019-084,110000,true,false,Low,1,Transport for NSW Open Data,https://data.nsw.gov.au/data/dataset/nsw-bridge-register,2024-06-01,Sourced,M4 motorway; Parramatta CBD access; very high AADT
NSW_BR_0140,Botany Bay Bridge M5,Botany Bay City Council,Sydney Metro,NSW,M5 South-Western Motorway,M5,Transport for NSW,Transport for NSW,Good,8,Unrestricted,Prestressed Concrete Girder,Concrete,5.8,55,178,22,4,6,-33.938,151.17,true,true,NSW Gazette 2020-011,95000,true,false,Low,1,Transport for NSW Open Data,https://data.nsw.gov.au/data/dataset/nsw-bridge-register,2024-05-18,Sourced,M5 motorway; airport and port freight corridor
NSW_BR_0141,Woronora River Bridge F6,Sutherland Shire Council,Sydney Metro,NSW,F6 Extension,M1,Transport for NSW,Transport for NSW,Good,10,Unrestricted,Prestressed Concrete Girder,Concrete,6.5,68,215,22,4,4,-34.059,151.068,true,true,NSW Gazette 2023-022,48000,true,false,Low,1,Transport for NSW Open Data,https://data.nsw.gov.au/data/dataset/nsw-bridge-register,2024-06-14,Sourced,New F6 extension; opened 2023; brand new structure
NSW_BR_0142,Cooks River Bridge M8,Canterbury-Bankstown City Council,Sydney Metro,NSW,M8 Airport East Motorway,M8,Transport for NSW,Transport for NSW,Good,10,Unrestricted,Composite Girder,Composite,6,58,185,20,4,4,-33.915,151.095,true,false,NSW Gazette 2023-041,52000,false,false,Low,1,Transport for NSW Open Data,https://data.nsw.gov.au/data/dataset/nsw-bridge-register,2024-06-14,Sourced,New M8 motorway; opened 2023; brand new structure
NSW_BR_0143,Hawkesbury River Bridge M1,Gosford,Central Coast,NSW,M1 Pacific Motorway,M1,Transport for NSW,Transport for NSW,Good,8,Unrestricted,Prestressed Concrete Girder,Concrete,6.5,88,355,22,5,6,-33.55,151.247,true,true,NSW Gazette 2019-101,82000,true,false,Low,1,Transport for NSW Open Data,https://data.nsw.gov.au/data/dataset/nsw-bridge-register,2024-05-28,Sourced,Hawkesbury River M1 crossing; key Sydney to Newcastle corridor
NSW_BR_0144,Goulburn River Bridge,Mid-Western Regional Council,Central West,NSW,Golden Highway,A43,Transport for NSW,Transport for NSW,Fair,6,Unrestricted,Steel Plate Girder,Steel,5,62,198,9,4,2,-32.319,150.048,true,false,NSW Gazette 2016-074,6200,true,true,Medium,1,Transport for NSW Open Data,https://data.nsw.gov.au/data/dataset/nsw-bridge-register,2023-12-12,Sourced,Goulburn River; Golden Highway freight route
NSW_BR_0145,Merriwa Bridge,Upper Hunter Shire Council,Hunter,NSW,Golden Highway,A43,Transport for NSW,Transport for NSW,Good,7,Unrestricted,Concrete Slab,Concrete,4.8,26,78,10,3,2,-32.144,150.354,true,false,,4800,true,false,Low,1,Transport for NSW Open Data,https://data.nsw.gov.au/data/dataset/nsw-bridge-register,2023-12-02,Sourced,Merriwa River; Upper Hunter; grazing country
NSW_BR_0146,Dunedoo Bridge,Warrumbungle Shire Council,Central West,NSW,Castlereagh Highway,A33,Transport for NSW,Transport for NSW,Fair,5,Posted,Steel Plate Girder,Steel,4.6,44,138,8,3,2,-32.013,149.386,false,false,NSW Gazette 2017-048,2900,false,false,Low,1,Transport for NSW Open Data,https://data.nsw.gov.au/data/dataset/nsw-bridge-register,2023-11-05,Sourced,Talbragar River; aging steel; posted for HML
NSW_BR_0147,Gulgong Bridge,Mid-Western Regional Council,Central West,NSW,Castlereagh Highway,A33,Transport for NSW,Transport for NSW,Good,7,Unrestricted,Concrete Slab,Concrete,4.8,24,72,10,3,2,-32.363,149.531,false,false,,4400,false,false,Low,1,NSW Spatial SEED,https://portal.seed.nsw.gov.au/SeedMap/,2023-10-14,Inferred,Cudgegong headwaters; gold mining heritage
NSW_BR_0148,Trundle Bridge,Parkes Shire Council,Central West,NSW,Bogan Gate Road,C287,Local Council,Local Council,Critical,2,Closed,Timber Girder,Timber,3.8,12,38,5,3,1,-32.928,147.707,false,false,NSW Gazette 2023-078,800,false,false,Low,1,NSW Spatial SEED,https://portal.seed.nsw.gov.au/SeedMap/,2024-03-05,Estimated,Critical condition; closed to traffic; emergency replacement funded
NSW_BR_0149,Peak Hill Bridge,Parkes Shire Council,Central West,NSW,Newell Highway,A39,Transport for NSW,Transport for NSW,Good,7,Unrestricted,Prestressed Concrete Girder,Concrete,5,40,122,10,3,2,-32.725,148.192,true,true,NSW Gazette 2018-061,5600,true,false,Low,1,Transport for NSW Open Data,https://data.nsw.gov.au/data/dataset/nsw-bridge-register,2023-12-22,Sourced,Newell Highway freight corridor; adequate condition
NSW_BR_0150,Tullamore Bridge,Narromine Shire Council,Central West,NSW,Newell Highway,A39,Transport for NSW,Transport for NSW,Fair,6,Unrestricted,Concrete Slab,Concrete,4.8,24,72,10,3,2,-32.645,148.013,true,false,,4100,true,false,Low,1,Transport for NSW Open Data,https://data.nsw.gov.au/data/dataset/nsw-bridge-register,2023-12-05,Sourced,Goobang Creek; Newell Highway; agricultural area